name,path,status,issues
20250510_2227_Crimsun's Celestial Display_simple_compose_01jtywy4mxfcva3a2j6sswwak5.png,20250510_2227_Crimsun's Celestial Display_simple_compose_01jtywy4mxfcva3a2j6sswwak5.png,ok,['Non-standard file type']
Conglomerate,Conglomerate,ok,['Non-standard file type']
Crimsun_Depth6_Canon_Mount.md,Crimsun_Depth6_Canon_Mount.md,ok,['Invalid or missing suffix']
Crimsun_Depth_Infinite_Stream.md,Crimsun_Depth_Infinite_Stream.md,ok,['Invalid or missing suffix']
Crimsun_Harmony_Compilation_Depth6.md,Crimsun_Harmony_Compilation_Depth6.md,ok,['Invalid or missing suffix']
Crimsun_RSAD_Entry.md,Crimsun_RSAD_Entry.md,ok,['Invalid or missing suffix']
Emberline_Depth_Infinite_Stream.md,Emberline_Depth_Infinite_Stream.md,ok,['Invalid or missing suffix']
Emberline_Depth_Infinite_Stream2.md,Emberline_Depth_Infinite_Stream2.md,ok,"['Invalid or missing suffix', 'Possible corrupted or redundant filename']"
Harenae_Depth_Infinite_Stream_frack.md,Harenae_Depth_Infinite_Stream_frack.md,ok,"['Invalid or missing suffix', 'Possible corrupted or redundant filename']"
Old_Ranger_Command.md,Old_Ranger_Command.md,ok,['Invalid or missing suffix']
Rook's Folly,Rook's Folly,ok,['Non-standard file type']
RSAD-Coreworlds_VaelusSolariiCaldraxAransasTT.md,RSAD-Coreworlds_VaelusSolariiCaldraxAransasTT.md,ok,['Invalid or missing suffix']
RSAD-PO004.1_LyvianneTT.md,RSAD-PO004.1_LyvianneTT.md,ok,['Invalid or missing suffix']
RSAD-PO004_NexovarTT.md,RSAD-PO004_NexovarTT.md,ok,['Invalid or missing suffix']
RSAD-PO007_HarenaeTT.md,RSAD-PO007_HarenaeTT.md,ok,['Invalid or missing suffix']
RSAD-PO008_CrydonTT.md,RSAD-PO008_CrydonTT.md,ok,['Invalid or missing suffix']
RSAD-PO009_Shard_DriftTT.md,RSAD-PO009_Shard_DriftTT.md,ok,['Invalid or missing suffix']
RSAD-Ranger_Division_IndexTT.md,RSAD-Ranger_Division_IndexTT.md,ok,['Invalid or missing suffix']
RSAD_Aeras_Stream_Infinity_mv2.md,RSAD_Aeras_Stream_Infinity_mv2.md,ok,['Invalid or missing suffix']
RSAD_Core_Worlds_Stream_Infinity_mv2.md,RSAD_Core_Worlds_Stream_Infinity_mv2.md,ok,['Invalid or missing suffix']
RSAD_Crimsun_Depth6.md,RSAD_Crimsun_Depth6.md,ok,['Invalid or missing suffix']
RSAD_Crimsun_Stream_Infinity.md,RSAD_Crimsun_Stream_Infinity.md,ok,['Invalid or missing suffix']
RSAD_Crimsun_Total_Export.md,RSAD_Crimsun_Total_Export.md,ok,['Invalid or missing suffix']
RSAD_Crydon_Stream_Infinity_mv2.md,RSAD_Crydon_Stream_Infinity_mv2.md,ok,['Invalid or missing suffix']
RSAD_FSC_Deepstream_Archive_Body_mv2.md,RSAD_FSC_Deepstream_Archive_Body_mv2.md,ok,['Invalid or missing suffix']
RSAD_FSC_Deepstream_Index_mv2.md,RSAD_FSC_Deepstream_Index_mv2.md,ok,['Invalid or missing suffix']
RSAD_Harenae_Stream_Infinity_mv2.md,RSAD_Harenae_Stream_Infinity_mv2.md,ok,['Invalid or missing suffix']
RSAD_Lighthouse_Stream_Infinity_mv2.md,RSAD_Lighthouse_Stream_Infinity_mv2.md,ok,['Invalid or missing suffix']
RSAD_Lyvianne_Stream_Infinity_mv2.md,RSAD_Lyvianne_Stream_Infinity_mv2.md,ok,['Invalid or missing suffix']
RSAD_Nexovar_Stream_Infinity_mv2.md,RSAD_Nexovar_Stream_Infinity_mv2.md,ok,['Invalid or missing suffix']
RSAD_Object_Crimsun.md,RSAD_Object_Crimsun.md,ok,['Invalid or missing suffix']
RSAD_Shard_Drift_Stream_Infinity_mv2.md,RSAD_Shard_Drift_Stream_Infinity_mv2.md,ok,['Invalid or missing suffix']
RSAD_Thalos_Stream_Infinity.md,RSAD_Thalos_Stream_Infinity.md,ok,['Invalid or missing suffix']
Thalos_Depth_Infinite_Stream.md,Thalos_Depth_Infinite_Stream.md,ok,['Invalid or missing suffix']
Thalos_Depth_Infinite_Stream2.md,Thalos_Depth_Infinite_Stream2.md,ok,"['Invalid or missing suffix', 'Possible corrupted or redundant filename']"
Thalos_Depth_Stream3.md,Thalos_Depth_Stream3.md,ok,['Invalid or missing suffix']
The Long Haul,The Long Haul,ok,['Non-standard file type']
